{
  "version": "0.4.0",
  "generated": "2026-03-24",
  "description": "Pre-computed reference values from NumPy/SciPy/LAPACK for numerical accuracy regression tests",
  "linalg": {
    "hilbert_2x2_det": 8.333333333333331e-2,
    "hilbert_3x3_det": 4.629629629629627e-4,
    "hilbert_4x4_det": 1.653439153439153e-7,
    "hilbert_5x5_det": 3.749295616e-13,
    "hilbert_6x6_det": 5.367299990e-18,
    "hilbert_7x7_det": 4.835703278e-25,
    "hilbert_8x8_det": 2.737050290e-33,
    "norm_identity_4x4_frobenius": 2.0,
    "norm_ones_4x4_frobenius": 4.0,
    "norm_diag_1234_frobenius": 5.477225575051661,
    "hilbert_4x4_svd_sigma0": 1.500214107999767,
    "hilbert_4x4_svd_sigma1": 0.16929202127820,
    "hilbert_4x4_svd_sigma2": 6.728927025e-3,
    "hilbert_4x4_svd_sigma3": 9.6705758e-5,
    "hilbert_2x2_kappa": 19.28,
    "hilbert_3x3_kappa": 524.1,
    "hilbert_4x4_kappa": 15514.0,
    "hilbert_5x5_kappa": 476607.0
  },
  "fft": {
    "dc_8pt_bin0_magnitude": 8.0,
    "dc_16pt_bin0_magnitude": 16.0,
    "dc_32pt_bin0_magnitude": 32.0,
    "dc_64pt_bin0_magnitude": 64.0,
    "parseval_rel_error_bound": 1e-11,
    "roundtrip_max_abs_error_factor": 4.0,
    "linearity_max_abs_error_factor": 100.0
  },
  "stats": {
    "normal_0_1_pdf_at_0": 0.3989422804014327,
    "normal_0_1_cdf_at_0": 0.5,
    "normal_0_1_ppf_0025": -1.959963984540054,
    "normal_0_1_ppf_0975": 1.959963984540054,
    "normal_0_1_cdf_minus3": 0.0013498980316300,
    "normal_0_1_cdf_minus2": 0.0227501319481792,
    "normal_0_1_cdf_minus1": 0.1586552539314571,
    "normal_0_1_cdf_0": 0.5,
    "normal_0_1_cdf_1": 0.8413447460685429,
    "normal_0_1_cdf_2": 0.9772498680518208,
    "normal_0_1_cdf_3": 0.9986501019683700,
    "beta_2_5_mean": 0.2857142857142857,
    "beta_2_5_variance": 0.0255102040816327,
    "beta_2_5_pdf_at_0_3": 2.6460288,
    "beta_2_5_cdf_at_0_3": 0.5796072,
    "ols_exact_intercept": 1.0,
    "ols_exact_beta1": 2.0,
    "ols_exact_beta2": 3.0,
    "ols_exact_r_squared": 1.0
  },
  "tolerances": {
    "linalg_det_relative": 1e-12,
    "linalg_inv_residual_frobenius": 1e-10,
    "linalg_svd_relative": 1e-4,
    "fft_dc_relative": 1e-13,
    "fft_parseval_relative": 1e-11,
    "fft_roundtrip_absolute": 4e-13,
    "stats_pdf_relative": 1e-12,
    "stats_cdf_absolute": 1e-10,
    "stats_ppf_relative": 1e-10,
    "stats_ols_coefficient_absolute": 1e-8
  }
}
